metric_date,segment_id,key_message,brand_score
2024-10-05,1,Exceptional customer service drives loyalty,85.5
2024-10-10,2,Innovative cloud solutions powering business,92
2024-10-15,3,Quality content with a personal touch,88
2024-11-02,2,Scalable infrastructure to empower enterprises,89
2024-11-05,3,Engaging digital narratives win hearts,81.5
2024-11-18,1,Convenience meets quality in every delivery,87
2024-12-01,2,Seamless cloud integration and security,95
2024-12-12,3,Delivering immersive viewing experiences,82
2024-12-20,2,Advanced analytics for a smarter future,90
2024-10-30,3,A vibrant mix of classic and modern storytelling,79
2024-09-20,1,Pre-Q4 promo boost for holiday season,84
2024-10-22,2,Pioneering technology in a dynamic market,88
2024-12-25,3,Festive specials capture family memories,92
2024-11-30,2,Reliable cloud performance even under pressure,91.5
2024-12-28,3,Entertaining audiences with groundbreaking series,83
